name	version	suite	engine	checked
App::Rakus	0.0.2	green	3.28.0-47-gb7f1a5f-modified	2026-09-14
Base64	0.1.0	green	3.28.0-47-gb7f1a5f-modified	2026-09-14
Color	1.004001	green	3.28.0-47-gb7f1a5f-modified	2026-09-14
Color::Names	2.0.0	green	3.28.0-47-gb7f1a5f-modified	2026-09-14
Config	3.0.4	green	3.28.0-47-gb7f1a5f-modified	2026-09-14
Crypt::Random	0.4.1	green	3.28.0-47-gb7f1a5f-modified	2026-09-14
DBIish	0.6.8	green	3.28.0-47-gb7f1a5f-modified	2026-09-14
Data::Dump	0.0.18	green	3.28.0-47-gb7f1a5f-modified	2026-09-14
Data::Generators	0.1.11	green	3.28.0-47-gb7f1a5f-modified	2026-09-14
Data::TypeSystem	0.1.8	green	3.28.0-47-gb7f1a5f-modified	2026-09-14
DateTime::Format	0.1.5	green	3.28.0-47-gb7f1a5f-modified	2026-09-14
Digest	1.1.0	green	3.28.0-47-gb7f1a5f-modified	2026-09-14
Digest::HMAC	1.0.7	green	3.28.0-47-gb7f1a5f-modified	2026-09-14
Digest::SHA256::Native	1.0.2	green	3.28.0-47-gb7f1a5f-modified	2026-09-14
File::Directory::Tree	0.2	green	3.28.0-47-gb7f1a5f-modified	2026-09-14
File::Find	0.2.5	green	3.28.0-47-gb7f1a5f-modified	2026-09-14
File::Temp	0.0.12	green	3.28.0-47-gb7f1a5f-modified	2026-09-14
File::Which	1.0.4	green	3.28.0-47-gb7f1a5f-modified	2026-09-14
Getopt::Long	0.4.2	green	3.28.0-47-gb7f1a5f-modified	2026-09-14
HTML::Escape	0.0.1	green	3.28.0-47-gb7f1a5f-modified	2026-09-14
HTTP::Status	0.0.5	green	3.28.0-47-gb7f1a5f-modified	2026-09-14
Hash::Merge	2.0.0	green	3.28.0-47-gb7f1a5f-modified	2026-09-14
JSON::Class	0.0.21	green	3.28.0-47-gb7f1a5f-modified	2026-09-14
JSON::Fast	0.20.1	green	3.28.0-47-gb7f1a5f-modified	2026-09-14
JSON::Native	0.0.2	green	3.28.0-47-gb7f1a5f-modified	2026-09-14
JSON::Tiny	1.0	green	3.28.0-47-gb7f1a5f-modified	2026-09-14
META6	0.0.31	green	3.28.0-47-gb7f1a5f-modified	2026-09-14
MIME::Base64	1.2.5	green	3.28.0-47-gb7f1a5f-modified	2026-09-14
Method::Also	0.0.10	green	3.28.0-47-gb7f1a5f-modified	2026-09-14
OO::Monitors	1.1.7	red	3.28.0-47-gb7f1a5f-modified	2026-09-14
Shell::Command	1.2	green	3.28.0-47-gb7f1a5f-modified	2026-09-14
Statistics::Distributions	0.1.8	green	3.28.0-47-gb7f1a5f-modified	2026-09-14
TAP	0.3.15	green	3.28.0-47-gb7f1a5f-modified	2026-09-14
Terminal::ANSI	0.0.25	green	3.28.0-47-gb7f1a5f-modified	2026-09-14
Terminal::ANSIColor	0.14	green	3.28.0-47-gb7f1a5f-modified	2026-09-14
Terminal::WCWidth	0.1.5	green	3.28.0-47-gb7f1a5f-modified	2026-09-14
Test::META	0.0.20	green	3.28.0-47-gb7f1a5f-modified	2026-09-14
Test::Output	1.001006	green	3.28.0-47-gb7f1a5f-modified	2026-09-14
Text::MiscUtils	0.0.13	green	3.28.0-47-gb7f1a5f-modified	2026-09-14
Text::Utils	4.0.2	green	3.28.0-47-gb7f1a5f-modified	2026-09-14
URI	0.3.8	green	3.28.0-47-gb7f1a5f-modified	2026-09-14
URI::Encode	1.0	green	3.28.0-47-gb7f1a5f-modified	2026-09-14
UUID	1.0.0	green	3.28.0-47-gb7f1a5f-modified	2026-09-14
UUID::V4	1.0.0	green	3.28.0-47-gb7f1a5f-modified	2026-09-14
XML	0.3.6	green	3.28.0-47-gb7f1a5f-modified	2026-09-14
YAMLish	0.1.3	green	3.28.0-47-gb7f1a5f-modified	2026-09-14
